{
  "model_type": "lambdarank",
  "features": [
    "beta",
    "short_reversal",
    "momentum_12m1m",
    "low_volatility",
    "amihud"
  ],
  "n_features": 5,
  "n_estimators": 1,
  "label_meta": {
    "5": {
      "mean": 0.002380412736900256,
      "std": 0.07113881757251972,
      "coverage": 4559757
    },
    "10": {
      "mean": 0.004327095708870604,
      "std": 0.09674128549524434,
      "coverage": 4533729
    },
    "20": {
      "mean": 0.007472508589815071,
      "std": 0.13130094296657185,
      "coverage": 4484286
    }
  },
  "label_quality": {
    "horizon": 10,
    "count": 4533729,
    "mean": 0.004327095708870604,
    "std": 0.09674128549524434,
    "sharpe": 0.7100434371678358,
    "daily_autocorr": 0.9025671125822673,
    "pct_positive": 0.48011890432798254
  },
  "train_samples": 3383507,
  "valid_samples": 1179511,
  "top10_features": [
    "low_volatility",
    "momentum_12m1m",
    "short_reversal",
    "beta",
    "amihud"
  ],
  "train_date": "2026-07-03"
}