{
  "model_type": "lambdarank",
  "features": [
    "beta",
    "short_reversal",
    "momentum_12m1m",
    "low_volatility",
    "amihud",
    "size",
    "value_ep",
    "roe",
    "investment",
    "sentiment_proxy",
    "quality",
    "north_flow",
    "margin_change",
    "dragon_tiger",
    "block_trade_premium",
    "industry_code"
  ],
  "n_features": 16,
  "n_estimators": 2,
  "label_meta": {
    "5": {
      "mean": 0.002399845128740192,
      "std": 0.07114337728175972,
      "coverage": 4555449
    },
    "10": {
      "mean": 0.004339129416526344,
      "std": 0.09674458585068532,
      "coverage": 4529423
    },
    "20": {
      "mean": 0.007455575005684573,
      "std": 0.13130082684512823,
      "coverage": 4479981
    }
  },
  "label_quality": {
    "horizon": 10,
    "count": 4529423,
    "mean": 0.004339129416526344,
    "std": 0.09674458585068532,
    "sharpe": 0.7119937870449119,
    "daily_autocorr": 0.9026418868518863,
    "pct_positive": 0.4802353412344133
  },
  "train_samples": 3379198,
  "valid_samples": 1181015,
  "top10_features": [
    "amihud",
    "industry_code",
    "low_volatility",
    "short_reversal",
    "value_ep",
    "sentiment_proxy",
    "quality",
    "size",
    "momentum_12m1m",
    "north_flow"
  ],
  "train_date": "2026-07-04"
}